Fine Fabrics,+78433297244,Angola,99482₽,payment
Glow Getter,+78579082116,Uzbekistan,79637₽,map
Stellar Stitches,+64445185168,Indonesia,98271₽,series
Trendsetting Tailors,+40279454156,"Micronesia, Federated States of",67258₽,series
Urban Upmarket,+68786096404,Poland,76996₽,administration
Haute Hues,+1295052909,Lithuania,85336₽,organization
Clipper Cuts,+1100540883,Macedonia,48558₽,woman
Glow Getter,+78685503784,Monaco,89102₽,language
Posh Patterns,+23320964023,United Arab Emirates,74180₽,dealer
Clipper Cuts,+76380760093,Kiribati,80722₽,breath
Smart Styles,+78583774451,Egypt,70265₽,opinion
Dapper Designs,+474492803,Hungary,46557₽,emphasis
Urban Upmarket,+5690282020,Georgia,41780₽,pizza
Elite Elegance,+6738104649,Kosovo,68271₽,construction
Fine Fabrics,+81292717513,Lesotho,87568₽,addition
Elegant Ensembles,+8543900760,Serbia,62519₽,administration
Modish Mannequins,+41529918205,Tajikistan,96240₽,steak
Trendsetting Tailors,+71896455728,Sao Tome and Principe,10673₽,basket
Glamour Galore,+78906405947,South Sudan,17392₽,oven
Smart Styles,+85247834868,Thailand,31957₽,woman
Makeup Maven,+40743704968,Central African Republic,87745₽,love
Skin Studio,+90183729561,Croatia,14807₽,maintenance
Elite Elegance,+66409487848,Honduras,62770₽,dad
Trendy Threads,+27433397543,Dominica,46295₽,emphasis
Sleek Styles,+12845618293,Tonga,22464₽,affair
Trendsetting Tailors,+27333518818,Cote d'Ivoire,85264₽,ladder
Chic Boutique,+78664754942,Lebanon,54483₽,dealer
Classy Chic,+45199268316,Denmark,96483₽,county
Sophisticated Sewing,+1118447918,Rwanda,16079₽,map
Skin Studio,+85770237773,Saint Kitts and Nevis,79618₽,series
Chic Couture,+91638625643,Namibia,77066₽,enthusiasm
Brow Boosters,+90542811843,Germany,30062₽,secretary
Chic Boutique,+35696576830,Cameroon,57833₽,departure
Classy Chic,+17564750966,Nauru,32212₽,revolution
Brow Boosters,+361887955,Moldova,99536₽,sample
Modern Maven,+75412363267,Turkey,82033₽,context
Lash Lounge,+12233632077,Iceland,32546₽,departure
Modish Mannequins,+37484853485,Kazakhstan,64284₽,nature
Nail Nook,+48170358670,Iceland,55185₽,emphasis
Glamour Galore,+46455730603,"Congo, Democratic Republic of the",10658₽,enthusiasm
Classy Chic,+64633023610,Saint Vincent and the Grenadines,19698₽,map
Modern Maven,+72476947735,Ecuador,32349₽,drawer
Elegant Ensembles,+17271401643,Eritrea,48409₽,woman
Body Bliss,+61853224609,Mexico,63397₽,stranger
Elite Elegance,+99728578206,Hungary,83091₽,entry
Chic Couture,+75311013628,Mali,37609₽,agreement
Skin Studio,+82348946635,Nigeria,44544₽,passenger
Dapper Designs,+59403463311,Palau,25077₽,injury
Trendy Threads,+11263926081,Afghanistan,68466₽,stranger
Skin Studio,+5891297167,Mongolia,35254₽,secretary
Classy Collections,+26685820812,Suriname,85471₽,pie
Posh Patterns,+58414732724,Bulgaria,45628₽,wood
Classy Chic,+12714716107,Mexico,36506₽,family
Fashion Fusion,+12240150413,Djibouti,54872₽,description
